{
	"status": "Wins",
	"submittedCount": 35,
	"draftCount": 45,
	"filters":[
		"Product contains Service Cloud",
		"Amount greater than $500,000",
		"Segment equals ENTR",
		"Region equals AMER",
		"Close Period between FY 16-17",
		"Oppty Status = Closed-Lost",
		"Competitor = IBM"
	],
	"economicDrivers": [
		{
			"title": "None found",
			"dollar": "40%",
			"rank": "45%"
		},
		{
			"title": "Reduce Service Cost",
			"dollar": "35%",
			"rank": "40%"
		},
		{
			"title": "Improve CLTV",
			"dollar": "25%",
			"rank": "15%"
		},
		{
			"sortOptions": [
				{"text": "$", "value": "$"},
				{"text": "#", "value": "#"}
			]
		}
	],
	"useCases":[
		{
			"title": "Multichannel Support",
			"dollar": "45%",
			"rank": "50%"
		},
		{
			"title": "Omnichannel Service",
			"dollar": "30%",
			"rank": "30%"
		},
		{
			"title": "Customer Self-Service",
			"dollar": "25%",
			"rank": "20%"
		}
	],
	"painPoints":[
		{
			"title": "Poor Experience",
			"dollar": "50%",
			"rank": "40%"
		},
		{
			"title": "High Wait Times",
			"dollar": "40%",
			"rank": "30%"
		},
		{
			"title": "High Call Volumes",
			"dollar": "10%",
			"rank": "30%"
		}
	],
	"valueProposition":[
		{
			"title": "Case Object",
			"dollar": "45%",
			"rank": "40%",
			"navigateTo": "#/value-proposition"
		},
		{
			"title": "Flexible Platform",
			"dollar": "35%",
			"rank": "30%"
		},
		{
			"title": "Agent Console",
			"dollar": "20%",
			"rank": "25%"
		}
	],
	"objections":[
		{
			"title": "Too Expensive",
			"dollar": "40%",
			"rank": "45%"
		},
		{
			"title": "Cloud Security",
			"dollar": "35%",
			"rank": "30%"
		},
		{
			"title": "Proprietary Language",
			"dollar": "25%",
			"rank": "25%"
		}
	],
	"content":[
		{
			"title": "None Shared",
			"dollar": "40%",
			"rank": "30%"
		},
		{
			"title": "Self-Service Overview",
			"dollar": "30%",
			"rank": "45%"
		},
		{
			"title": "Sprint Testimonial",
			"dollar": "30%",
			"rank": "25%"
		}
   ],
	"dealProfile":[
		{
			"title": "Buyers",
			"number": "3"
		},
		{
			"title": "Economic Drivers",
			"number": "1"
		},
		{
			"title": "Use Cases",
			"number": "1"
		},
		{
			"title": "Pain Points",
			"number": "2"
		},
		{
			"title": "Value Proposition",
			"number": "4"
		},
		{
			"title": "Objections",
			"number": "3"
		},
		{
			"title": "Competition",
			"number": "1"
		},
		{
			"title": "Partners",
			"number": "1"
		},
		{
			"title": "Content Shared",
			"number": "2"
		}
	],
	"Partners":[
		{
			"title": "None Found",
			"dollar": "40%",
			"rank": "30%"
		},
		{
			"title": "Accenture",
			"dollar": "30%",
			"rank": "40%"
		},
		{
			"title": "Deloitte",
			"dollar": "30%",
			"rank": "30%"
		}
	],
	"buyerTitle": [
		{
			"title": "Head-Digital Experience",
			"font": "bold"
		},
		{
			"title": "VP-Customer Service",
			"font": "semi-bold"
		}
		
	]
}